SNP,Hair_Color,F_stat,p_value,R2,bonferroni_corrected_p,bonferroni_significant
rs16891982,hair_black,6509.015212374116,0.0,0.8179905545484155,0.0,True
rs28777,hair_black,3619.9195727100346,0.0,0.6273105484559217,0.0,True
rs1129038,hair_black,1387.5385964932677,0.0,0.5240701762140059,0.0,True
rs12913832,hair_black,1371.2994784904765,0.0,0.5196157943782135,0.0,True
rs1426654,hair_black,895.8945171340011,0.0,0.39583875734384766,0.0,True
rs28117,hair_black,1054.4021349697284,0.0,0.3670163935866133,0.0,True
rs1408794,hair_black,675.7693708465059,0.0,0.35284286618782035,0.0,True
rs683,hair_black,541.9519988255286,4.921937863495173e-292,0.30357087793797144,6.300080465273821e-290,True
rs1408799,hair_black,543.7658032234808,7.442299506150345e-293,0.3023591635056935,9.526143367872442e-291,True
rs11636232,hair_black,549.8946492439582,1.2753776823628595e-295,0.2877729133692516,1.63248343342446e-293,True
rs1470608,hair_black,487.1684670710614,7.480604074714292e-267,0.2823325827639288,9.575173215634294e-265,True
rs1667394,hair_black,505.9471630882382,1.4231082795671718e-275,0.272295507751696,1.8215785978459799e-273,True
rs16929340,hair_black,482.76592161029396,8.55400331570043e-265,0.2722814032248201,1.094912424409655e-262,True
rs916977,hair_black,508.18735215380235,1.3157656389225014e-276,0.2714201703764012,1.6841800178208018e-274,True
rs1126809,hair_black,416.91504476694365,2.3010828501642192e-233,0.2373393641783833,2.9453860482102006e-231,True
rs7170852,hair_black,415.1465514505146,1.6715879850745366e-232,0.22903048319451536,2.139632620895407e-230,True
rs1393350,hair_black,389.6132588320332,5.761227915968634e-220,0.2196719997177511,7.374371732439851e-218,True
rs260690,hair_black,358.14403378274017,3.057569741290017e-204,0.21902339451149377,3.9136892688512216e-202,True
rs4778138,hair_black,532.1856937183119,6.483098017611522e-204,0.21063622161456474,8.298365462542748e-202,True
rs4049255,hair_black,294.814405874927,1.229922065209963e-171,0.1844288309860569,1.5743002434687528e-169,True
rs7178315,hair_black,294.77402462586224,1.2914947988743915e-171,0.18431413874081248,1.653113342559221e-169,True
rs1042602,hair_black,306.82761465857027,6.35462239096919e-178,0.17890018477082759,8.133916660440563e-176,True
rs2871875,hair_black,276.0524413141203,1.0168377002886247e-161,0.17547133595948372,1.3015522563694396e-159,True
rs1438607,hair_black,208.9855098597315,3.0567107886310677e-125,0.1421058488574488,3.9125898094477666e-123,True
rs8034072,hair_black,201.3953652191388,5.233509333539502e-121,0.13574028780630898,6.698891946930563e-119,True
rs6542787,hair_black,182.6071856646471,1.9678298480983585e-110,0.12706414756395112,2.518822205565899e-108,True
rs4778199,hair_black,176.29230347440426,7.576374913741523e-107,0.12329285904250309,9.697759889589149e-105,True
rs12053317,hair_black,161.55216638178672,2.043860516152363e-98,0.11158488999923166,2.6161414606750245e-96,True
rs12203592,hair_black,157.33821860748245,5.455027690491552e-96,0.10411269888598074,6.982435443829187e-94,True
rs751135,hair_black,136.66937280947684,5.5314410223919495e-84,0.09867508245952628,7.080244508661695e-82,True
rs3827760,hair_black,200.16129964971867,2.824857842976578e-83,0.09741504116529653,3.61581803901002e-81,True
rs2671422,hair_black,133.15969419812922,6.296015395176923e-82,0.09184628615792945,8.058899705826461e-80,True
rs12821256,hair_black,137.140241867801,2.933316459099669e-84,0.09148383569201457,3.754645067647576e-82,True
rs7495174,hair_black,127.16275756688906,2.1106978304019067e-78,0.08993789229232729,2.7016932229144406e-76,True
rs6723140,hair_black,119.4409252217201,7.692270943782914e-74,0.08743339809804884,9.84610680804213e-72,True
rs977589,hair_black,118.14070161444397,4.535578634254123e-73,0.08673773573644017,5.805540651845277e-71,True
rs7773324,hair_black,116.99860025398725,2.1581957529258211e-72,0.0848163419206025,2.762490563745051e-70,True
rs1884777,hair_black,112.9052381315326,5.843783532905952e-70,0.0833536691703215,7.480042922119618e-68,True
rs1805005,hair_black,167.40496798150377,2.47837835005463e-70,0.08130062844641062,3.1723242880699263e-68,True
rs2493272,hair_black,107.52937948962293,9.382170733758533e-67,0.07891456679341846,1.2009178539210922e-64,True
rs11852452,hair_black,102.71422169033502,7.145969382835052e-64,0.07674222427755484,9.146840810028866e-62,True
rs8006358,hair_black,101.86865188581511,2.2968935944443945e-63,0.07449892139551972,2.940023800888825e-61,True
rs510605,hair_black,104.44940764203601,6.523014267781961e-65,0.07443465850916886,8.34945826276091e-63,True
rs7748534,hair_black,83.05412972572034,5.292681125542658e-52,0.06090240513967338,6.774631840694602e-50,True
rs1597196,hair_black,79.26524815986885,1.0723991498222604e-49,0.060270858764606694,1.3726709117724933e-47,True
rs1805007,hair_black,86.3114548306618,5.566284558404214e-54,0.0579963251610317,7.124844234757393e-52,True
rs4904847,hair_black,72.25939792507603,2.050453376437682e-45,0.05485381224201913,2.624580321840233e-43,True
rs977588,hair_black,71.07946678873016,1.083980610976246e-44,0.05324361018273871,1.387495182049595e-42,True
rs4904868,hair_black,68.56846462377733,3.766915435630351e-43,0.05181683755381139,4.821651757606849e-41,True
rs2072590,hair_black,67.4504232995637,1.8322297854066904e-42,0.0509690261089617,2.3452541253205637e-40,True
rs642742,hair_black,84.07226382124047,1.2731810317444644e-52,0.04791193657674875,1.6296717206329144e-50,True
rs885479,hair_black,61.825298194899375,5.3393738812412124e-39,0.04676676879175301,6.834398567988752e-37,True
rs1805008,hair_black,70.72800352785556,1.7805184793054631e-44,0.04675951436738912,2.2790636535109928e-42,True
rs1800407,hair_black,61.257725118060165,1.1961998185879287e-38,0.04652608208927078,1.5311357677925488e-36,True
rs34424,hair_black,59.068896139819714,2.6918351841985586e-37,0.045464496232374474,3.445549035774155e-35,True
rs12896399,hair_black,59.106988990937836,2.5497507134479463e-37,0.044820958395518806,3.2636809132133713e-35,True
rs35264875,hair_black,98.09323100765732,3.071914604870428e-42,0.042377412852259266,3.9320506942341476e-40,True
rs3778607,hair_black,49.604946943479064,1.9940371220182286e-31,0.038419859304729354,2.5523675161833326e-29,True
rs4900109,hair_black,50.195529067054494,8.558025759608245e-32,0.038194908043404974,1.0954272972298554e-29,True
rs7559271,hair_black,50.274370655294845,7.644382324927478e-32,0.03695380857343511,9.784809375907172e-30,True
rs12931267,hair_black,48.434292450369774,1.0674031755214945e-30,0.03667453114503838,1.366276064667513e-28,True
rs11721758,hair_black,47.65421628389827,3.266914427346143e-30,0.03659449039641338,4.181650467003063e-28,True
rs224597,hair_black,47.377679182571185,4.8575258167218165e-30,0.03511098812464042,6.217633045403925e-28,True
rs33051,hair_black,62.1401762308883,3.41351857806027e-39,0.03502304911563603,4.369303779917145e-37,True
rs3930739,hair_black,47.39784281533459,4.719027798463729e-30,0.03150541625739123,6.040355582033573e-28,True
rs662702,hair_black,40.82378091998768,5.998489980324859e-26,0.030815885550447897,7.67806717481582e-24,True
rs35401,hair_black,38.78019128357353,1.1406612192511642e-24,0.030328296983474723,1.4600463606414902e-22,True
rs2871772,hair_black,39.58593570038121,3.5698353851063544e-25,0.029772004271543695,4.5693892929361337e-23,True
rs515920,hair_black,38.647398368988775,1.381420375912508e-24,0.029470591066931395,1.7682180811680103e-22,True
rs10510771,hair_black,39.18638432557827,6.350296840007677e-25,0.02872662808476567,8.128379955209827e-23,True
rs3749096,hair_black,36.73194272591133,2.1911849837967844e-23,0.027688275463640166,2.804716779259884e-21,True
rs4911414,hair_black,36.72531514421391,2.212251705537999e-23,0.02687812849837634,2.8316821830886388e-21,True
rs948413,hair_black,38.394981034261555,1.98808045146389e-24,0.02667143432032415,2.544742977873779e-22,True
rs4959270,hair_black,34.907730905425765,3.055057643212404e-22,0.026403655850501973,3.910473783311877e-20,True
rs9790702,hair_black,31.76726162695011,2.867954866924041e-20,0.025051172207346983,3.670982229662773e-18,True
rs6059655,hair_black,34.72428122686833,3.982536084190971e-22,0.024876038126008027,5.097646187764443e-20,True
rs2981578,hair_black,29.35834282821978,9.388943859322416e-19,0.022723054390009656,1.2017848139932692e-16,True
rs2493292,hair_black,28.441448948572386,3.545605011385292e-18,0.022003759181320914,4.538374414573173e-16,True
rs10741305,hair_black,33.16936196708435,3.771576449678895e-21,0.02191155371472242,4.827617855588985e-19,True
rs938036,hair_black,36.75220643441498,1.5662505479193093e-16,0.01928801834719529,2.004800701336716e-14,True
rs868688,hair_black,22.266378558845066,2.7592215482363507e-14,0.017140510619344518,3.531803581742529e-12,True
rs6142129,hair_black,23.950785077930533,2.391905294798485e-15,0.017122812569096868,3.061638777342061e-13,True
rs6707044,hair_black,20.821708050040275,2.2484957074329454e-13,0.016513893251201117,2.87807450551417e-11,True
rs664776,hair_black,22.76370416913245,1.3402329433127334e-14,0.01636012520082253,1.7154981674402987e-12,True
rs224644,hair_black,22.60791109070972,1.6804219204775716e-14,0.014680016867006263,2.1509400582112916e-12,True
rs1015362,hair_black,41.20482888991331,3.4650268707347455e-26,0.012680817569179714,4.435234394540474e-24,True
rs892540,hair_black,16.88877788169347,6.795488572632725e-11,0.012291669448388443,8.698225372969889e-09,True
rs4648379,hair_black,15.048077588211466,9.823806040310385e-10,0.01196725373858909,1.2574471731597293e-07,True
rs7483,hair_black,26.497226304774944,5.943109590374777e-17,0.011285598072095282,7.607180275679715e-15,True
rs44637,hair_black,18.79044853627916,4.295776741733641e-12,0.011013982004163148,5.49859422941906e-10,True
rs11099953,hair_black,13.060467526213912,1.7517947122381658e-08,0.010230445456024362,2.242297231664852e-06,True
rs851320,hair_black,13.845124316390798,5.620529278540605e-09,0.008889612139985736,7.194277476531974e-07,True
rs1791633,hair_black,17.252319865939384,4.0087804409516674e-11,0.008588258100642232,5.131238964418134e-09,True
rs4696584,hair_black,11.908915066338587,9.27470254683487e-08,0.008558001329486808,1.1871619259948633e-05,True
rs7702108,hair_black,15.161933741503963,8.32825559861336e-10,0.007822195443953017,1.06601671662251e-07,True
rs285696,hair_black,20.506451568350098,3.5540940419426585e-13,0.007319952556367304,4.549240373686603e-11,True
rs4752566,hair_black,52.58291854333419,2.8105032996491267e-33,0.0070420001765494344,3.5974442235508822e-31,True
rs17640804,hair_black,13.724941360339713,6.689887434217311e-09,0.006992153904423759,8.563055915798158e-07,True
rs1110400,hair_black,16.025073106020642,1.1757220843393689e-07,0.006892477638667516,1.5049242679543922e-05,True
rs10513546,hair_black,9.99695891696329,1.4667292695844138e-06,0.006658693938634719,0.00018774134650680497,True
rs11547464,hair_black,14.780874609092521,4.0383227666343695e-07,0.006381625659550472,5.169053141291993e-05,True
rs446212,hair_black,7.170026988419414,8.485315071046041e-05,0.005416402622534289,0.010861203290938932,True
rs2402130,hair_black,25.439263756569922,1.0640918438260462e-11,0.005293085380241758,1.3620375600973392e-09,True
rs6906608,hair_black,6.742253874704252,0.000156178217910391,0.005143632515753671,0.019990811892530047,True
rs2228479,hair_black,7.309785074530553,6.949932166689041e-05,0.004952457705601043,0.008895913173361972,True
rs114873,hair_black,7.4631566054236185,5.581919088416183e-05,0.004902693077118214,0.0071448564331727145,True
rs677874,hair_black,10.6882211258879,5.411440656618917e-07,0.004567025787572732,6.926644040472214e-05,True
rs2999559,hair_black,31.441644237706768,4.5948068683565425e-20,0.004383993094598582,5.8813527914963744e-18,True
rs9346612,hair_black,5.1639063405890315,0.0014618528761843998,0.003860999103958762,0.18711716815160317,False
rs825537,hair_black,4.735415692250985,0.002668843354851751,0.0033594985061820015,0.34161194942102413,False
rs597340,hair_black,5.810864851744617,0.0005863642500701865,0.002213418662938782,0.07505462400898387,False
rs1805009,hair_black,9.180762916690623,0.00010536218973257993,0.0022051987097057024,0.013486360285770231,True
rs2703960,hair_black,10.741048412276218,2.2319401779191224e-05,0.002089397856723796,0.0028568834277364766,True
rs3750817,hair_black,7.304072465859439,7.006885929928896e-05,0.0020131178682837314,0.008968813990308987,True
rs288139,hair_black,5.53670358740978,0.0008640954873860746,0.0019683875202018974,0.11060422238541755,False
rs4766640,hair_black,28.128902144376298,5.577619237917168e-18,0.0018133201597914095,7.139352624533975e-16,True
rs10765198,hair_black,12.064948197572473,7.400893652766082e-08,0.001175713615532037,9.473143875540585e-06,True
rs745443,hair_black,2.0641231803729876,0.1270753575247789,0.0009803220961434045,1.0,False
rs2024612,hair_black,0.7483223770784609,0.5232189585614648,0.0005337022453594242,1.0,False
rs948414,hair_black,1.7511297279367979,0.15435487788118868,0.00036514887538063867,1.0,False
rs4793422,hair_black,3.879989702153558,0.008791550427023367,0.00035696106071525513,1.0,False
rs625820,hair_black,1.8160063453002695,0.1419805519523673,0.00025011960331056127,1.0,False
rs756134,hair_black,5.778941516554983,0.0006134712926194218,0.00014623059141871675,0.078524325455286,False
rs2981432,hair_black,1.1235618953963014,0.338071345584056,0.00014075418046721744,1.0,False
rs3920540,hair_black,0.844715085441989,0.4692456284423906,9.77100532006947e-05,1.0,False
rs1805006,hair_black,18.37545799754354,1.8755150368901215e-05,3.2179099376472564e-05,0.0024006592472193555,True
rs201326893,hair_black,1.1773052527179808,0.27799935872737774,1.0235261165503218e-05,1.0,False
rs851352,hair_black,0.02417912274643787,0.9761110043406809,4.0978571158589716e-07,1.0,False
rs12913832,hair_light_blond,2136.0873202927396,0.0,0.4285557896455243,0.0,True
rs1129038,hair_light_blond,2145.170503423992,0.0,0.4281137305430327,0.0,True
rs11636232,hair_light_blond,744.9861486804801,0.0,0.3519100398090944,0.0,True
rs16891982,hair_light_blond,341.3020303919073,1.0682498989019813e-195,0.18871279467548052,1.367359870594536e-193,True
rs1667394,hair_light_blond,415.2049000454244,1.565671919573582e-232,0.16380778019439446,2.004060057054185e-230,True
rs12821256,hair_light_blond,256.79525181745794,2.0623924753243055e-151,0.15934931261818042,2.639862368415111e-149,True
rs916977,hair_light_blond,397.22094335633744,1.0105739216158292e-223,0.15918196658667538,1.2935346196682614e-221,True
rs28777,hair_light_blond,265.6586082952475,3.5817104010825493e-156,0.1361280872980981,4.584589313385663e-154,True
rs1408794,hair_light_blond,203.92969798732827,2.0080312127633666e-122,0.1347010172837022,2.5702799523371092e-120,True
rs7170852,hair_light_blond,290.3765138692334,2.659169806331191e-169,0.1308887237646611,3.403737352103924e-167,True
rs683,hair_light_blond,169.79141287791094,3.8644191697000444e-103,0.11245307723895914,4.946456537216057e-101,True
rs1408799,hair_light_blond,164.4880614956903,4.2095813536832526e-100,0.10766181137487119,5.3882641327145634e-98,True
rs16929340,hair_light_blond,158.2522000515064,1.6215297102214137e-96,0.09780627121373797,2.0755580290834095e-94,True
rs1470608,hair_light_blond,150.08808797955388,8.477095610739207e-92,0.09339371782218597,1.0850682381746185e-89,True
rs4778138,hair_light_blond,258.4751437029383,8.162038859511061e-106,0.09289340656821121,1.0447409740174158e-103,True
rs1426654,hair_light_blond,123.59813812955502,2.6734946183198838e-76,0.08161996349884948,3.4220731114494513e-74,True
rs28117,hair_light_blond,146.24881104687535,1.4339139136137105e-89,0.07895300285595808,1.8354098094255494e-87,True
rs2871875,hair_light_blond,113.77805484466509,1.7676604910179198e-70,0.07213604426297104,2.2626054285029374e-68,True
rs7178315,hair_light_blond,101.01636262496693,7.456944159003112e-63,0.06568786755928413,9.544888523523983e-61,True
rs1126809,hair_light_blond,78.83734502418906,1.9554853115729248e-49,0.055866336975041286,2.5030211988133437e-47,True
rs1393350,hair_light_blond,77.99673497593525,6.368182958038444e-49,0.05515295048383151,8.151274186289209e-47,True
rs977589,hair_light_blond,68.28037218426212,5.66182744366935e-43,0.049581560399016844,7.247139127896768e-41,True
rs4049255,hair_light_blond,66.55612393002971,6.49946526518679e-42,0.04754097124515244,8.319315539439092e-40,True
rs8034072,hair_light_blond,64.77760644415885,8.081424454997575e-41,0.04437432399201535,1.0344223302396896e-38,True
rs260690,hair_light_blond,56.911302979204855,5.8205305438671965e-36,0.04301729469732696,7.4502790961500115e-34,True
rs1438607,hair_light_blond,53.27812797891529,1.0403950466579176e-33,0.04058720656365655,1.3317056597221346e-31,True
rs7495174,hair_light_blond,63.174888752329,7.853311681397096e-40,0.039545237127905364,1.0052238952188282e-37,True
rs12896399,hair_light_blond,44.166727801390294,4.886187068374813e-28,0.03353014376346808,6.254319447519761e-26,True
rs11852452,hair_light_blond,46.06984256270209,3.173807451664028e-29,0.03352113700387205,4.062473538129956e-27,True
rs4778199,hair_light_blond,41.524030215712116,2.188245449362594e-26,0.03202598084716879,2.8009541751841203e-24,True
rs4904868,hair_light_blond,42.129630229258,9.151493969473048e-27,0.03142297113909509,1.1713912280925502e-24,True
rs4900109,hair_light_blond,40.05065345083373,1.8271591581307136e-25,0.03048055142486472,2.3387637224073134e-23,True
rs1597196,hair_light_blond,43.30721189339878,1.6814940353989353e-27,0.030326261729058612,2.152312365310637e-25,True
rs8006358,hair_light_blond,32.08505501769101,1.810614262629567e-20,0.02469605856119339,2.317586256165846e-18,True
rs6542787,hair_light_blond,30.59774954044999,1.5592386362097208e-19,0.023826072303791523,1.9958254543484427e-17,True
rs12053317,hair_light_blond,30.265860119461138,2.5215141111853128e-19,0.023615868581833066,3.2275380623172003e-17,True
rs1805008,hair_light_blond,32.377601286014766,1.1857006607975514e-20,0.02256346939688858,1.5176968458208658e-18,True
rs2671422,hair_light_blond,29.824529549870327,4.778509039122527e-19,0.02227217754862254,6.116491570076835e-17,True
rs977588,hair_light_blond,29.935516028696124,4.0688189487626414e-19,0.020950188567967265,5.208088254416181e-17,True
rs3827760,hair_light_blond,40.230481877539745,5.187868589316049e-18,0.020860491408429827,6.640471794324542e-16,True
rs12203592,hair_light_blond,27.88671760067244,7.923704997406572e-18,0.020495255819705793,1.0142342396680412e-15,True
rs751135,hair_light_blond,24.941916045125897,5.675567654187324e-16,0.019763790568445794,7.264726597359775e-14,True
rs1884777,hair_light_blond,24.545577608402034,1.008816346571398e-15,0.01915724803238983,1.2912849236113895e-13,True
rs7773324,hair_light_blond,24.1210593921642,1.868119586173325e-15,0.018275720335586332,2.391193070301856e-13,True
rs6059655,hair_light_blond,26.18842629683439,9.301426950942432e-17,0.01785030380527941,1.1905826497206312e-14,True
rs510605,hair_light_blond,23.48486563648492,4.704102622232047e-15,0.017723339031851415,6.02125135645702e-13,True
rs4904847,hair_light_blond,20.961748723645215,1.8347104551245258e-13,0.016552490961625366,2.348429382559393e-11,True
rs4911414,hair_light_blond,20.46253946633979,3.7881323808191276e-13,0.016287982483416452,4.848809447448483e-11,True
rs6723140,hair_light_blond,21.05934176258616,1.5922655994574125e-13,0.016260467871718087,2.038099967305488e-11,True
rs2072590,hair_light_blond,20.484091738200046,3.671399944430137e-13,0.015823289579839805,4.6993919288705755e-11,True
rs1805007,hair_light_blond,22.548065457851813,1.832971645931811e-14,0.015164529575881547,2.346203706792718e-12,True
rs1042602,hair_light_blond,24.91804139054341,5.875653486180635e-16,0.015133390499885602,7.520836462311212e-14,True
rs642742,hair_light_blond,19.738775245553008,1.083729983674226e-12,0.015109930621745038,1.3871743791030092e-10,True
rs7748534,hair_light_blond,18.33586371107331,8.312591757398215e-12,0.014334850917095743,1.0640117449469715e-09,True
rs34424,hair_light_blond,17.5493881942358,2.6043435935635956e-11,0.013855674014457309,3.3335597997614024e-09,True
rs10510771,hair_light_blond,17.203106799500112,4.30568063336412e-11,0.013712309440182202,5.511271210706074e-09,True
rs7559271,hair_light_blond,23.27181806290068,6.409140531766524e-15,0.013481471976734771,8.203699880661151e-13,True
rs2493272,hair_light_blond,17.93365183103593,1.490683842062275e-11,0.013466172825672751,1.908075317839712e-09,True
rs33051,hair_light_blond,14.075653132675185,4.024061523154744e-09,0.011183769464927495,5.150798749638072e-07,True
rs35264875,hair_light_blond,25.058582050934785,1.549122604335309e-11,0.011128371120491587,1.9828769335491957e-09,True
rs35401,hair_light_blond,13.136181836102805,1.56985559138759e-08,0.01051254822948533,2.0094151569761154e-06,True
rs662702,hair_light_blond,13.489483757139189,9.410010428433582e-09,0.010452920135101573,1.2044813348394985e-06,True
rs12931267,hair_light_blond,12.844606300532927,2.3946236786974944e-08,0.010081211387243827,3.0651183087327928e-06,True
rs224597,hair_light_blond,20.064560518410648,6.752116308166774e-13,0.009827996834513963,8.64270887445347e-11,True
rs11721758,hair_light_blond,12.486884010037967,4.019173137891125e-08,0.00978775482436256,5.14454161650064e-06,True
rs2871772,hair_light_blond,10.414707974543425,8.030200967573825e-07,0.008240828572941283,0.00010278657238494496,True
rs3749096,hair_light_blond,10.287950740516111,9.641285441270554e-07,0.008058591629440115,0.0001234084536482631,True
rs868688,hair_light_blond,9.821724962955356,1.8880884462120045e-06,0.007447896226739581,0.00024167532111513658,True
rs1805005,hair_light_blond,12.344948261710877,4.533437472782874e-06,0.006336098432333626,0.0005802799965162078,True
rs3778607,hair_light_blond,8.07222336810221,2.3340872221696663e-05,0.00607426081457052,0.002987631644377173,True
rs885479,hair_light_blond,8.130910333213643,2.1457642605659556e-05,0.005875221827423727,0.002746578253524423,True
rs948413,hair_light_blond,6.6552632293542535,0.00017677677521520032,0.005293227788600086,0.02262742722754564,True
rs6142129,hair_light_blond,6.939874823583127,0.00011784004363291667,0.005228785503185507,0.015083525585013333,True
rs2981578,hair_light_blond,6.397605735992539,0.00025505146804205553,0.005054617672456629,0.03264658790938311,True
rs224644,hair_light_blond,6.876611386087334,0.0001289636459937631,0.00494238326116514,0.016507346687201677,True
rs2703960,hair_light_blond,9.70977982256667,6.224438724933478e-05,0.004769020254152934,0.007967281567914852,True
rs2402130,hair_light_blond,10.092747493094484,4.252682546556455e-05,0.004576048788756504,0.005443433659592262,True
rs664776,hair_light_blond,5.093598693091465,0.001613905631763611,0.004028788926882965,0.2065799208657422,False
rs9790702,hair_light_blond,4.881780184710229,0.002173513015886397,0.003769081477577596,0.2782096660334588,False
rs4648379,hair_light_blond,4.712183437834377,0.0027571588401909355,0.003667318268610109,0.35291633154443974,False
rs114873,hair_light_blond,4.498187683325365,0.0037197152805462236,0.0036269917058666667,0.4761235559099166,False
rs851320,hair_light_blond,5.205189264124874,0.0013792922814233179,0.0035746890579776425,0.1765494120221847,False
rs4959270,hair_light_blond,4.9743793151539455,0.001908443937587492,0.0034759805439863456,0.24428082401119897,False
rs1805006,hair_light_blond,19.50734714937573,1.0404228966422213e-05,0.0029702341353816664,0.0013317413077020433,True
rs11099953,hair_light_blond,5.8658183290795725,0.0005424632631056014,0.002809985585967567,0.06943529767751698,False
rs515920,hair_light_blond,3.7531348208171353,0.010477758832719557,0.0027989044982666966,1.0,False
rs44637,hair_light_blond,3.6462798223727364,0.012142871554661002,0.002729332278223473,1.0,False
rs825537,hair_light_blond,3.5243266689280324,0.014363621767182384,0.0026613051320383274,1.0,False
rs938036,hair_light_blond,4.540845086153469,0.010723760460439281,0.0024432258932099993,1.0,False
rs9346612,hair_light_blond,3.6751039018798095,0.011669594905609534,0.0023982540559158716,1.0,False
rs4752566,hair_light_blond,12.579335076805009,3.5157795650469516e-08,0.0022532209534601444,4.500197843260098e-06,True
rs288139,hair_light_blond,3.0965213677167966,0.025800175151714847,0.002221255148081136,1.0,False
rs2493292,hair_light_blond,2.8721761007207434,0.03498824701960379,0.0021804645180141247,1.0,False
rs201326893,hair_light_blond,0.07158962881763259,0.7890560377366692,0.0019877362327328507,1.0,False
rs7483,hair_light_blond,4.221399462006675,0.005472464725114203,0.001771848412345678,0.700475484814618,False
rs10741305,hair_light_blond,3.7541055048236536,0.010463716194831756,0.0017252876597083633,1.0,False
rs4696584,hair_light_blond,2.2249495052350716,0.08320323982184126,0.0016056001771580508,1.0,False
rs1015362,hair_light_blond,7.740942848453268,3.7514355549210306e-05,0.0013850690211099081,0.004801837510298919,True
rs892540,hair_light_blond,3.176247544762191,0.023142749684083253,0.0013094878012447353,1.0,False
rs4793422,hair_light_blond,2.663671394144533,0.04635415366053643,0.0012957012837913062,1.0,False
rs6707044,hair_light_blond,2.7769973729825934,0.03979145944728941,0.001233024416133044,1.0,False
rs285696,hair_light_blond,4.612076840830539,0.003172051693092243,0.001152431728207448,0.4060226167158071,False
rs10765198,hair_light_blond,4.3598426871067355,0.004512276864863069,0.0010240434952931698,0.5775714387024729,False
rs7702108,hair_light_blond,2.986001371064026,0.029984802321614816,0.000989184951436739,1.0,False
rs677874,hair_light_blond,2.4675581607144093,0.06028394288763684,0.0009382248306679664,1.0,False
rs756134,hair_light_blond,1.7487829684708025,0.1548210562158735,0.0008446024086470327,1.0,False
rs17640804,hair_light_blond,4.8245541675700485,0.0023552665557316477,0.0008405114900513766,0.3014741191336509,False
rs11547464,hair_light_blond,2.240486133012518,0.10655079566266717,0.0006519396894461016,1.0,False
rs6906608,hair_light_blond,0.8342532571161249,0.47488410923305124,0.0006294608321648631,1.0,False
rs3920540,hair_light_blond,0.759592528916684,0.5166744709015971,0.0005070763521638488,1.0,False
rs1805009,hair_light_blond,1.8157439478708461,0.16286145819161807,0.00044711053351687013,1.0,False
rs597340,hair_light_blond,0.5548558909698552,0.6448731318961041,0.0003639309523172374,1.0,False
rs3750817,hair_light_blond,2.362623881697022,0.06932775819051842,0.0003449253788100348,1.0,False
rs10513546,hair_light_blond,2.2133849991281247,0.08448372675693373,0.000324403249216787,1.0,False
rs446212,hair_light_blond,0.4258842801913032,0.7344577377246101,0.0003079263692690182,1.0,False
rs851352,hair_light_blond,0.7181697643947745,0.48771175952521106,0.0002374691997689693,1.0,False
rs1791633,hair_light_blond,1.7420614189400179,0.15616364322743617,0.0001822658880570316,1.0,False
rs625820,hair_light_blond,0.7459659522564189,0.5245951156243945,0.00017300670165854015,1.0,False
rs4766640,hair_light_blond,4.723251459337779,0.002714728983009066,0.00012851666701008124,0.34748530982516046,False
rs2024612,hair_light_blond,0.25017245442549,0.8612562305628593,0.00010799992700016858,1.0,False
rs745443,hair_light_blond,0.1977020260975771,0.8206229879082756,8.195123596177467e-05,1.0,False
rs2999559,hair_light_blond,7.71646078936649,3.88522520382311e-05,7.304174668099073e-05,0.004973088260893581,True
rs2228479,hair_light_blond,1.8993773234675166,0.1274558969421758,3.665500237037822e-05,1.0,False
rs2981432,hair_light_blond,0.1906772419965894,0.902796657329218,1.9603819637725728e-05,1.0,False
rs1800407,hair_light_blond,0.0614169670678225,0.9800876162227048,1.546437766752895e-05,1.0,False
rs948414,hair_light_blond,0.1887269758173645,0.9041214213156337,9.78328088485636e-06,1.0,False
rs1110400,hair_light_blond,0.4250034082221639,0.6537993998459833,7.525474420844169e-06,1.0,False
rs3930739,hair_light_blond,2.443985222892017,0.062210161675575755,1.7574396291575312e-06,1.0,False
