SNP,Hair_Color,F_stat,p_value,R2
rs1805009,hair_black,85.65024491000283,1.1149189513154847e-14,0.4904101048019621
rs28117,hair_black,85.65024491000281,1.1149189513154847e-14,0.4904101048019621
rs28777,hair_black,27.436516093312257,1.0776313518847964e-06,0.23563497959115032
rs16891982,hair_black,11.12580606866243,0.0012430366219407848,0.11111826716314077
rs1667394,hair_black,13.948207002807951,5.472145551136757e-06,0.06515590464357102
rs916977,hair_black,13.948207002807951,5.472145551136757e-06,0.06515590464357102
rs868688,hair_black,5.071349161397142,0.008231629744259266,0.06254274313157648
rs7170852,hair_black,14.012188964880108,5.212794878159613e-06,0.0586723308460837
rs446212,hair_black,3.6258249067314647,0.03067942970305329,0.05519216877550237
rs16929340,hair_black,2.5098779076498423,0.08708211922142875,0.0522417922464834
rs515920,hair_black,3.408440118745122,0.0375204867300867,0.049260143304174275
rs35401,hair_black,2.5012641459721174,0.08779471036416736,0.043482650690816915
rs10741305,hair_black,2.9438279258702296,0.05787136879630446,0.040336344925555934
rs8006358,hair_black,43.63025194889701,6.841307478333129e-14,0.038266254328875315
rs4778199,hair_black,1.7972743128230302,0.17178055240821485,0.03604347347432735
rs977589,hair_black,2.2117053656526786,0.115565965897731,0.03515833765629517
rs1129038,hair_black,5.605105501436495,0.005113957909823601,0.034866229189371545
rs12913832,hair_black,5.605105501436495,0.005113957909823601,0.034866229189371545
rs11099953,hair_black,8.144822880387089,0.0005683621042589011,0.03302901012459514
rs1408799,hair_black,1.5307962111915532,0.2220685130764568,0.031819214171460164
rs4049255,hair_black,1.638512779788105,0.2001393500862719,0.031660655533436555
rs1408794,hair_black,1.5334272563269198,0.2215046181539823,0.03143253909965282
rs4911414,hair_black,1.8303786771937127,0.16640491769662305,0.031221228307363624
rs11636232,hair_black,1.6165604232023663,0.20442132643550875,0.028445031303556245
rs2024612,hair_black,1.7909941664574276,0.17282022724321336,0.027551065117846774
rs683,hair_black,1.21744753983419,0.30092055616018376,0.026896081767297852
rs4778138,hair_black,2.4389018145419183,0.12190804856684108,0.02667247491104563
rs11852452,hair_black,1.5737639878701757,0.213040519544881,0.026661962897388092
rs4959270,hair_black,1.4934945676971592,0.2302229636571982,0.025825431032029944
rs1126809,hair_black,1.2685285331921017,0.2863367819625915,0.023686848457014298
rs2072590,hair_black,1.2321917602684869,0.29663469325370134,0.022708502604954384
rs6142129,hair_black,1.2468601672761002,0.29243279743262,0.02225513344000163
rs1015362,hair_black,1.195532989536321,0.3074080390923881,0.02207651975249625
rs10765198,hair_black,1.2103927536223502,0.3029935970964189,0.02202245931229152
rs510605,hair_black,1.9891844355342347,0.1619117120625101,0.02186176794389849
rs1393350,hair_black,1.1555190622248446,0.3196250845090452,0.021663500281141834
rs12821256,hair_black,1.3994068663659662,0.2521795657423445,0.02121567396659929
rs10510771,hair_black,1.0903012843037991,0.3406118312846042,0.020411613099479697
rs2871772,hair_black,2.688733274581982,0.07355052143626611,0.01800992934036083
rs4648379,hair_black,0.9596840299767494,0.38698554853488787,0.017996108728820515
rs1791633,hair_black,0.8445369420207396,0.4332093616622098,0.017849654572075102
rs751135,hair_black,0.9403347981358745,0.39438501991728137,0.01757591074268816
rs7748534,hair_black,1.4441305952577657,0.24148746884009378,0.016345330573063643
rs224644,hair_black,1.894243324174847,0.15651514032549718,0.016069166203705687
rs2402130,hair_black,0.7995722186037866,0.45275954613038594,0.01567605634870184
rs2493272,hair_black,0.7737561464967919,0.46438957564481964,0.015425791701932257
rs224597,hair_black,1.8006310446148464,0.17122747275636144,0.015341447750747972
rs4904868,hair_black,0.6395929829015455,0.5299413604305812,0.014316328148423763
rs892540,hair_black,1.5926454306485605,0.20919288709634012,0.013271791940993594
rs6707044,hair_black,0.6532880406750557,0.522836917404265,0.012745609286304749
rs7178315,hair_black,0.6392021016353361,0.5301455768654981,0.012621338703079243
rs3930739,hair_black,0.5700255375411409,0.5675850093085282,0.012589018103397298
rs17640804,hair_black,1.121913432941103,0.2923730386998182,0.012448841687942469
rs2871875,hair_black,0.579154830420178,0.5624931312020434,0.01146091985390063
rs3778607,hair_black,0.48416097153105303,0.6178456676037036,0.010870257183230536
rs2493292,hair_black,0.6906315583708843,0.5039554135006568,0.01076922196251795
rs12203592,hair_black,0.5271756969423027,0.5921220014384536,0.01066270411593273
rs114873,hair_black,0.455738235261374,0.6354675764949371,0.00921444000263083
rs2981578,hair_black,0.42149280986348886,0.6573841091501206,0.008830773653171309
rs4904847,hair_black,3.5612405264735174,0.03256702770947327,0.00874136906888856
rs8034072,hair_black,0.5594804449919735,0.5735252667650464,0.008567546872835674
rs1438607,hair_black,0.385845615015068,0.6810199633067001,0.008407411767426987
rs3920540,hair_black,0.377577724594118,0.6866250754911394,0.008130460706912812
rs2228479,hair_black,0.7149739171980901,0.4000650824538341,0.007969393357434296
rs9346612,hair_black,0.3829502281803876,0.6829775103651246,0.007738893241107658
rs664776,hair_black,0.360753228373437,0.6981771819630954,0.007694438203120768
rs35264875,hair_black,0.3278018204608702,0.7213817687397239,0.00707821941245157
rs642742,hair_black,0.3321320928199578,0.7182878943956399,0.006762294849941397
rs2981432,hair_black,0.3021491503410114,0.7399916013737906,0.006286305743607223
rs1470608,hair_black,0.557159281402889,0.45737428654511136,0.0062212701460553355
rs11721758,hair_black,0.275399470713062,0.7599207125276369,0.005782231552785233
rs12931267,hair_black,0.26197543768211645,0.7701279413087353,0.005361684338444528
rs1805007,hair_black,0.26197543768211645,0.7701279413087353,0.005361684338444528
rs2703960,hair_black,0.29326850069927135,0.7465479161683879,0.005160346273424543
rs1042602,hair_black,1.1897660336267672,0.30913891736482774,0.004868894644462052
rs6059655,hair_black,0.4353002343993726,0.5111033658425559,0.004867208286420843
rs7773324,hair_black,0.21293966176286774,0.8086201088076626,0.00461217498311306
rs44637,hair_black,0.9685836788076285,0.3836299937055908,0.004517170013096261
rs260690,hair_black,0.2101331411326244,0.8108818166238321,0.0045027767778261785
rs2671422,hair_black,0.20928306695646542,0.8115681468767565,0.00439020931959988
rs885479,hair_black,0.3844133955133383,0.5368349263699053,0.004300675933424869
rs756134,hair_black,1.4166158129806043,0.2480092550768138,0.004216847538121904
rs1884777,hair_black,0.3617228433603052,0.5490798659290819,0.004047849927808489
rs4793422,hair_black,0.2017265988484452,0.8176952393014105,0.003996789185158223
rs4766640,hair_black,1.2335430874579123,0.29624502447776435,0.0039031813804730753
rs1805008,hair_black,0.18507669408674737,0.8313631805882895,0.003900698075508746
rs12896399,hair_black,0.19515257578533862,0.8230642012954746,0.0032826140056099185
rs1800407,hair_black,0.15243903701585423,0.8588374719409542,0.003263080817348718
rs6906608,hair_black,0.29580314548254466,0.7446706290653504,0.0031093602190263026
rs4900109,hair_black,0.1924312517106208,0.8252972276885461,0.0030900689136320603
rs9790702,hair_black,0.2523315844521754,0.6166787191395227,0.002827170786159794
rs10513546,hair_black,0.11485855034124985,0.8916256618348697,0.0026020557740172867
rs851320,hair_black,0.2557200884602264,0.7749321083805877,0.002469083551961515
rs3750817,hair_black,1.0443713361077804,0.35623324205294327,0.002422335354153704
rs1805005,hair_black,0.2354546538339689,0.7907077054154017,0.002390290644997739
rs7483,hair_black,0.16777048578566647,0.8458176849876246,0.0023627170092064276
rs938036,hair_black,0.20527205688929998,0.651601268390905,0.002301120238257237
rs745443,hair_black,0.1336139602330518,0.8751049136284654,0.0022780235300522422
rs7559271,hair_black,1.3440025921797163,0.2660995965104493,0.001784127936224067
rs6723140,hair_black,0.1028429805419421,0.9023769171483216,0.001607603736178187
rs3749096,hair_black,0.07941335231518187,0.9237241657003562,0.0015890716073604372
rs1597196,hair_black,0.16566282801065246,0.8475955158541597,0.0014177062669268325
rs4752566,hair_black,0.8944279252143317,0.41252504801801015,0.00131033859405294
rs662702,hair_black,0.10223777490207162,0.7499099441868813,0.0011474209565911497
rs34424,hair_black,0.09601034763489037,0.7573952987470801,0.0010776054647148037
rs977588,hair_black,1.0927149354836982,0.33981055770857915,0.0008323180342416636
rs948414,hair_black,1.1681827769298385,0.3157058023647458,0.0007842734510836724
rs1805006,hair_black,0.05595881860415597,0.8135447265989979,0.000628355691707716
rs285696,hair_black,0.09616553212195514,0.9084089682273565,0.0005517965673548231
rs948413,hair_black,1.146286020733643,0.32251394901902275,0.00046955413622085107
rs6542787,hair_black,0.041902398085694355,0.958982494335853,0.0004653487472844331
rs625820,hair_black,0.1067146650188528,0.8988982209334292,0.00040092075783748626
rs12053317,hair_black,0.13929754706121755,0.8701605766240583,0.0003380269319817053
rs597340,hair_black,1.010488042127908,0.3682256176818939,0.00033098825035071666
rs4696584,hair_black,0.06766635819678868,0.9346208122101219,0.0003085787139757157
rs33051,hair_black,0.11561988385928645,0.8909488675723034,0.00023156639961208203
rs1110400,hair_black,0.020187534002523048,0.8873357153338793,0.00022677478627908254
rs7702108,hair_black,0.9145749091174785,0.4044611787202155,0.00019502184326281036
rs2999559,hair_black,0.0968393597387477,0.907798402025086,0.00015791445688750905
rs825537,hair_black,0.09688941738719455,0.9077530607238762,0.00013037020970518842
rs7495174,hair_black,0.005060892003093365,0.9434459917481607,5.6860721766027744e-05
rs288139,hair_black,0.08042863656874237,0.9227884976994475,5.33269042132245e-05
rs851352,hair_black,0.1758103798627281,0.8390708999547222,1.562360959939113e-05
rs677874,hair_black,0.21095007431800292,0.8102228029842669,2.821542374742414e-06
rs11547464,hair_black,,,
rs1426654,hair_black,,,
rs201326893,hair_black,,,
rs3827760,hair_black,,,
rs1129038,hair_light_blond,37.39911915186132,1.756510433535114e-12,0.40517465028246935
rs12913832,hair_light_blond,37.39911915186132,1.756510433535114e-12,0.40517465028246935
rs1667394,hair_light_blond,15.265390418581763,2.035481585444427e-06,0.23715983683841235
rs916977,hair_light_blond,15.265390418581761,2.035481585444427e-06,0.23715983683841235
rs11636232,hair_light_blond,12.02538569631205,2.4153726468509102e-05,0.21246297608577347
rs7170852,hair_light_blond,10.096222523100726,0.00011286841090723218,0.17687096850919226
rs12821256,hair_light_blond,10.2546633884944,9.923995039510615e-05,0.17116895859265868
rs1126809,hair_light_blond,3.6154985189377897,0.03097355099867546,0.07569627280613256
rs642742,hair_light_blond,3.2939883445878446,0.041730770671511284,0.06964570278819104
rs10765198,hair_light_blond,3.2862651562791028,0.04203172219972399,0.06619298753384206
rs1393350,hair_light_blond,2.971045171162071,0.056414132170256294,0.06325227500874187
rs4778138,hair_light_blond,5.650509297500713,0.01959239689627816,0.059698667650485926
rs9790702,hair_light_blond,4.645650332981454,0.033831438696162876,0.04960882130096422
rs885479,hair_light_blond,4.457351156807493,0.03755510033261001,0.04769395988260727
rs2999559,hair_light_blond,2.1719003895995774,0.12003192282536712,0.047037243171924925
rs1805006,hair_light_blond,4.328454745657864,0.040354707676483546,0.0463787250892983
rs114873,hair_light_blond,2.9041036492588606,0.060067667260281364,0.04517213246841656
rs515920,hair_light_blond,2.556161624395865,0.08335322503990489,0.04472147588523823
rs446212,hair_light_blond,2.0638954513564256,0.13306034476185116,0.04401686790768633
rs2072590,hair_light_blond,2.0659866623427887,0.13279482614298999,0.04070380460441625
rs1800407,hair_light_blond,2.554127052489122,0.08351365965293484,0.03899861425006057
rs1408799,hair_light_blond,2.618636964920635,0.07857721290491125,0.037108101989368536
rs2228479,hair_light_blond,3.419627773371504,0.06774506103367241,0.037001098746653915
rs4911414,hair_light_blond,1.639103670662075,0.2000253685642056,0.035715158435240424
rs17640804,hair_light_blond,3.1694574530493163,0.07844001220960088,0.03438728555675663
rs2871875,hair_light_blond,1.4263508000275356,0.2456814400294713,0.029762906773709852
rs1015362,hair_light_blond,1.3210825525617127,0.2720856675679388,0.027495447918092775
rs3930739,hair_light_blond,1.6696450551002138,0.19422349689066237,0.027410739803627515
rs16891982,hair_light_blond,2.5041109013903404,0.11709689615057878,0.02736610275454099
rs7178315,hair_light_blond,1.3280545053585615,0.27025035417224386,0.026931628357016346
rs8006358,hair_light_blond,1.2932616753577113,0.27953714443694033,0.025810138511117464
rs2493272,hair_light_blond,1.3355074545689993,0.268302419290796,0.025566500363834677
rs868688,hair_light_blond,1.0486176915397516,0.35475875110280647,0.023117983501602213
rs683,hair_light_blond,1.7062858535790448,0.18748942702653792,0.020652853532237225
rs28777,hair_light_blond,1.66673194461259,0.2000402042195726,0.018383059683134806
rs597340,hair_light_blond,1.2975154512160956,0.2783844456303069,0.018058623666269646
rs11721758,hair_light_blond,0.8179208327538884,0.44467502672858183,0.017003550000712964
rs892540,hair_light_blond,0.8294646809073988,0.4396645382883533,0.016978141514654155
rs1408794,hair_light_blond,0.7425278667519872,0.4788671063155425,0.016113562759626165
rs2493292,hair_light_blond,1.4365717064289352,0.24326146995828785,0.01577229575011807
rs33051,hair_light_blond,0.7306355292999607,0.4845010753759731,0.01576898090255463
rs948413,hair_light_blond,2.4486179362083664,0.092281518306095,0.014404401783756127
rs6542787,hair_light_blond,0.9947396558217066,0.3739392569985972,0.014173891957382723
rs10741305,hair_light_blond,0.7337282838345398,0.48302939882897467,0.013755873436820165
rs7702108,hair_light_blond,2.520831685956059,0.08618448115666306,0.011844773973287315
rs1470608,hair_light_blond,1.023054981272471,0.31453741059046597,0.011364366400199444
rs7495174,hair_light_blond,1.0037478391784254,0.3191215191384081,0.011152289357682754
rs625820,hair_light_blond,0.5554229827453923,0.5758278201551361,0.010944951676534531
rs677874,hair_light_blond,0.4760552605970231,0.6228196043583392,0.010491781639571096
rs224597,hair_light_blond,0.47976411460661894,0.6205386644136728,0.010321080576507602
rs288139,hair_light_blond,0.5565187865943899,0.5752050364091519,0.010134401901567447
rs7483,hair_light_blond,0.6503722764338664,0.5243412924478001,0.009804532580816483
rs4752566,hair_light_blond,0.7600724704524445,0.4706774594547901,0.00967019538863656
rs224644,hair_light_blond,0.4547109773226641,0.6361140095726749,0.009660068609014583
rs44637,hair_light_blond,1.6564558993524716,0.19670759720334455,0.009587286801239325
rs34424,hair_light_blond,0.7063438578117598,0.40291245872821246,0.007873956594768416
rs1805009,hair_light_blond,0.6498922747741565,0.42230004378531516,0.007249225384256763
rs28117,hair_light_blond,0.6498922747741563,0.42230004378531516,0.007249225384256652
rs4049255,hair_light_blond,0.7666777340871628,0.4676314284614065,0.00662634622352698
rs4793422,hair_light_blond,0.5231281655535551,0.5944951095512757,0.0065505661470013354
rs16929340,hair_light_blond,0.8553502154513452,0.4286380139389333,0.006336776497582242
rs1042602,hair_light_blond,0.5342251305580832,0.5880119530887522,0.0062205335025193875
rs10510771,hair_light_blond,0.3924494043123604,0.6765766363037045,0.005431682962133477
rs510605,hair_light_blond,0.4859649302414981,0.48754976511817183,0.005430627368440799
rs2981432,hair_light_blond,0.4139153211167302,0.6623371515964571,0.005307444387113502
rs9346612,hair_light_blond,1.9894624463580883,0.14287330801898573,0.00486411014423338
rs4696584,hair_light_blond,0.22745053553842384,0.7970286367073364,0.004735094902545756
rs12203592,hair_light_blond,2.092189123366003,0.1295134931015703,0.004605922841134702
rs7773324,hair_light_blond,0.2367803786099796,0.78966572703581,0.004504493754762473
rs1110400,hair_light_blond,0.3987110434135916,0.5293741373342155,0.004459919374228516
rs825537,hair_light_blond,0.769061616879749,0.4665370534625144,0.004228464711941604
rs2024612,hair_light_blond,0.6518071729058815,0.5236004118222509,0.0041066127157188825
rs4904847,hair_light_blond,0.20990471414881695,0.8110661849489337,0.003985213957666045
rs977589,hair_light_blond,0.5503347072988711,0.5787287138373958,0.003964496847665311
rs3750817,hair_light_blond,0.313680689028653,0.7315659953156931,0.003610050804805587
rs4766640,hair_light_blond,0.21234613234542074,0.8090978814256558,0.0036091882179378754
rs10513546,hair_light_blond,0.23597757800294586,0.7902965354735265,0.0033359595566599953
rs3920540,hair_light_blond,1.1638737471288918,0.3170338531802717,0.003297011375097303
rs2703960,hair_light_blond,0.13543431583474572,0.8735182072616992,0.002994684026447203
rs4648379,hair_light_blond,0.366928276094628,0.6939143296190048,0.0027727575110327862
rs3778607,hair_light_blond,0.8778455221032498,0.419285453773641,0.002638787055800118
rs1805005,hair_light_blond,0.46760459518353337,0.6280488337504898,0.00261982967310026
rs1597196,hair_light_blond,0.5728711184878379,0.565992844773375,0.0025330460175921887
rs11099953,hair_light_blond,0.7198026873994837,0.4896921059413949,0.002390299887047198
rs285696,hair_light_blond,1.510402334633898,0.2264894982453163,0.0022217047173868076
rs1438607,hair_light_blond,0.23807351098404253,0.7886507181861864,0.002160291126075742
rs6059655,hair_light_blond,0.18081558377982213,0.6716996597677239,0.0020275165975573994
rs4959270,hair_light_blond,0.07850586862137657,0.9245613078252106,0.0017679495730394956
rs1884777,hair_light_blond,0.14339838248681971,0.7058275007313086,0.0016086259340433173
rs35264875,hair_light_blond,0.08024254698324948,0.922959921990128,0.0014631528675514982
rs8034072,hair_light_blond,1.7170451452949556,0.1855577292828273,0.0014558488331480879
rs977588,hair_light_blond,0.21333366921982727,0.8083031044837936,0.0012614083340550808
rs12931267,hair_light_blond,0.22482827645812986,0.7991106802005192,0.0012086509077146035
rs1805007,hair_light_blond,0.22482827645812986,0.7991106802005192,0.0012086509077146035
rs664776,hair_light_blond,2.125153139173915,0.1255028645958247,0.0011899204642765726
rs12896399,hair_light_blond,0.30330649810457144,0.7391415145148941,0.0009326809882322928
rs6723140,hair_light_blond,0.20643844864625024,0.8138691494957353,0.0009156124984587288
rs662702,hair_light_blond,0.07782113755897027,0.7809193331031903,0.0008736309057091329
rs1791633,hair_light_blond,0.394000888903932,0.6755370355904426,0.0006555605083498062
rs938036,hair_light_blond,0.0564803129292135,0.8126942624203407,0.0006342077828673798
rs4778199,hair_light_blond,0.35261680408940765,0.703834969148411,0.0005992741953988467
rs6707044,hair_light_blond,0.2619768430304568,0.7701268654173231,0.0005869824356036224
rs12053317,hair_light_blond,0.24093401750984322,0.786410179567371,0.0005669941205009854
rs7559271,hair_light_blond,3.097290582569578,0.050129932751753994,0.0005541467436070979
rs260690,hair_light_blond,0.08328554725175463,0.9201608171959299,0.00032224112048095943
rs2402130,hair_light_blond,0.7584098415818882,0.4714473759762904,0.00029369494062081447
rs6142129,hair_light_blond,0.1218645532566972,0.8854174031353581,0.0002872837764463787
rs2981578,hair_light_blond,1.532233903656549,0.22176020003108016,0.0002751194404383428
rs851352,hair_light_blond,0.9156062944178236,0.40405272881840626,0.00025799410631777153
rs4900109,hair_light_blond,0.16282603740244578,0.8499944131647584,0.00021183527271695368
rs6906608,hair_light_blond,0.009841618359165256,0.9902077415964685,0.0001516514512299727
rs11852452,hair_light_blond,0.15654575335462148,0.8553299925133404,0.00012617176763707327
rs851320,hair_light_blond,1.1483710325456018,0.3218592578723204,0.00010448920286920682
rs751135,hair_light_blond,0.06787181221301763,0.9344291055725277,7.751397127764292e-05
rs1805008,hair_light_blond,0.6692096965588674,0.5146997248260721,6.035487231148551e-05
rs756134,hair_light_blond,0.007955612525987968,0.9920766630449396,5.957665606848295e-05
rs2871772,hair_light_blond,0.021094084005657394,0.9791317893169793,5.392896930189739e-05
rs745443,hair_light_blond,0.8932309129951126,0.4130092981072182,1.4937701665829195e-05
rs35401,hair_light_blond,0.01331707431719877,0.9867731938249114,1.414834910939966e-05
rs2671422,hair_light_blond,0.7215795770684529,0.48883674746810724,1.3191993782579736e-05
rs3749096,hair_light_blond,0.9123928413797012,0.4053267150062331,1.1398487022251658e-05
rs7748534,hair_light_blond,0.0010058558383606497,0.9989946613504351,1.0743983650307598e-05
rs948414,hair_light_blond,0.7950813157467684,0.45476106660589655,1.87260076689455e-06
rs4904868,hair_light_blond,0.27582120287352563,0.7596022912227758,4.0849315885438386e-07
rs11547464,hair_light_blond,,,
rs1426654,hair_light_blond,,,
rs201326893,hair_light_blond,,,
rs3827760,hair_light_blond,,,
